total_intensity_veh_per_hr,hour_of_day,no2_ug_m3
180.0,22,37.01
60.0,22,37.01
0.0,22,37.01
0.0,22,37.01
120.0,23,27.37
60.0,23,27.37
60.0,23,27.37
0.0,23,27.37
0.0,0,20.77
0.0,0,20.77
60.0,0,20.77
60.0,0,20.77
60.0,1,26.93
0.0,1,26.93
60.0,1,26.93
60.0,1,26.93
240.0,2,27.29
120.0,2,27.29
0.0,2,27.29
0.0,2,27.29
540.0,3,30.2
900.0,3,30.2
0.0,3,30.2
240.0,3,30.2
1260.0,4,35.33
960.0,4,35.33
240.0,4,35.33
540.0,4,35.33
3000.0,5,36.96
1980.0,5,36.96
720.0,5,36.96
360.0,5,36.96
1620.0,6,33.78
1740.0,6,33.78
960.0,6,33.78
720.0,6,33.78
2280.0,7,36.25
1680.0,7,36.25
240.0,7,36.25
180.0,7,36.25
2700.0,8,36.15
1320.0,8,36.15
360.0,8,36.15
300.0,8,36.15
2640.0,9,32.72
1620.0,9,32.72
240.0,9,32.72
300.0,9,32.72
